<?xml version="1.0" encoding="UTF-8"?>
<Configuration status="WARN">
    <Appenders>
        <Console name="Console" target="SYSTEM_OUT">
            <PatternLayout pattern="%d %p %c{1.} [%t] %m%n"/>
        </Console>
        <File name="File" fileName="logs/mylog.log">
            <PatternLayout pattern="%d %p %c{1.} [%t] %m%n"/>
        </File>
    </Appenders>
    <Loggers>
        <Logger name="com.example" level="debug"/>
        <Root level="info">
            <AppenderRef ref="Console"/>
            <AppenderRef ref="File"/>
        </Root>
    </Loggers>
</Configuration>